{
    "loss": 30.84430503845215,
    "accuracy": 0.5035971403121948
}