{
    "loss": 25.145933151245117,
    "accuracy": 0.5179855823516846
}